,level_0,index,level,page_num,block_num,par_num,line_num,word_num,left,top,width,height,conf,text,flag
0,0,4,5,0,1,1,1,1,925,206,525,48,90,ПРАВИТЕЛЬСТВО,0
1,1,5,5,0,1,1,1,2,1468,214,278,44,88,МОСКВЫ,0
2,2,9,5,0,2,1,1,1,540,402,613,53,92,ГОСУДАРСТВЕННАЯ,0
3,3,10,5,0,2,1,1,2,1170,412,387,54,90,ИНСПЕКЦИЯ,0
4,4,11,5,0,2,1,1,3,1575,418,88,42,91,ПО,0
5,5,12,5,0,2,1,1,4,1682,419,359,47,91,КОНТРОЛЮ,1
6,6,13,5,0,2,1,1,5,2058,424,69,42,96,ЗА,0
7,7,15,5,0,2,1,2,1,586,471,595,49,90,ИСПОЛЬЗОВАНИЕМ,0
8,8,16,5,0,2,1,2,2,1200,479,327,46,91,ОБЪЕКТОВ,1
9,9,17,5,0,2,1,2,3,1545,485,536,51,90,НЕДВИЖИМОСТИ,0
10,10,19,5,0,2,1,3,1,1063,545,240,52,91,ГОРОДА,0
11,11,20,5,0,2,1,3,2,1321,549,277,44,89,МОСКВЫ,0
12,12,24,5,0,3,1,1,1,316,736,610,53,92,ГОСУДАРСТВЕННОЕ,0
13,13,25,5,0,3,1,1,2,945,745,403,52,92,БЮДЖЕТНОЕ,1
14,14,26,5,0,3,1,1,3,1367,751,422,53,91,УЧРЕЖДЕНИЕ,0
15,15,27,5,0,3,1,1,4,1808,758,34,40,96,Г,0
16,16,28,5,0,3,1,1,5,1846,758,205,67,91,ОРОДА,0
17,17,29,5,0,3,1,1,6,2068,762,278,44,88,МОСКВЫ,0
18,18,31,5,0,3,1,2,1,443,800,468,52,91,МОСКОВСКИЙ,1
19,19,32,5,0,3,1,2,2,929,812,1067,55,88,КОНТРОЛЬНОМОНИТОРИНГОВЫЙ,0
20,20,33,5,0,3,1,2,3,2015,824,199,63,91,ЦЕНТР,0
21,21,35,5,0,3,1,3,1,1045,881,562,50,92,НЕДВИЖИМОСТИ,0
22,22,39,5,0,4,1,1,1,1205,1187,235,43,87,ПРИКАЗ,0
23,23,43,5,0,5,1,1,1,290,1488,54,28,78,от,0
24,24,44,5,0,5,1,1,2,378,1464,333,59,0,АО,0
25,25,45,5,0,5,1,1,3,754,1476,262,53,0,оу,1
26,32,52,5,0,5,1,1,10,2128,1491,84,48,0,вЯ,1
27,33,53,5,0,5,1,1,11,2222,1493,125,63,0,ИО,1
28,34,57,5,0,6,1,1,1,401,1681,72,41,93,О,0
29,35,58,5,0,6,1,1,2,492,1694,300,32,91,назначении,0
30,36,59,5,0,6,1,1,3,809,1699,113,36,90,лиц,1
31,37,60,5,0,6,1,1,4,939,1701,452,40,91,уполномоченных,0
32,38,61,5,0,6,1,1,5,1412,1708,55,28,95,на,0
33,39,62,5,0,6,1,1,6,1488,1709,298,40,91,проведение,0
34,40,63,5,0,6,1,1,7,1806,1706,346,49,90,мероприятий,0
35,41,64,5,0,6,1,1,8,2174,1719,57,27,92,по,0
36,42,66,5,0,6,1,2,1,263,1758,340,41,91,определению,0
37,43,67,5,0,6,1,2,2,622,1763,116,34,92,вида,0
38,44,68,5,0,6,1,2,3,757,1753,366,52,91,фактического,0
39,45,69,5,0,6,1,2,4,1142,1771,390,33,91,использования,0
40,46,70,5,0,6,1,2,5,1552,1767,179,43,92,зданий,0
41,47,71,5,0,6,1,2,6,1751,1768,273,53,89,строений,0
42,48,72,5,0,6,1,2,7,2042,1776,330,50,90,сооружений,0
43,49,74,5,0,6,1,3,1,621,1830,27,28,93,и,0
44,50,75,5,0,6,1,3,2,668,1831,238,31,91,нежилых,1
45,51,76,5,0,6,1,3,3,926,1827,297,42,92,помещений,0
46,52,77,5,0,6,1,3,4,1239,1839,92,32,91,для,1
47,53,78,5,0,6,1,3,5,1351,1831,144,42,91,целей,1
48,54,79,5,0,6,1,3,6,1516,1834,494,43,90,налогообложения,0
49,55,83,5,0,7,1,1,1,401,2015,33,40,93,В,0
50,56,84,5,0,7,1,1,2,464,2029,323,32,89,соответствии,0
51,57,85,5,0,7,1,1,3,817,2034,22,28,90,с,0
52,58,86,5,0,7,1,1,4,869,2035,399,33,90,постановлением,0
53,59,87,5,0,7,1,1,5,1298,2029,365,53,91,Правительства,0
54,60,88,5,0,7,1,1,6,1691,2035,198,42,91,Москвы,0
55,61,89,5,0,7,1,1,7,1918,2051,52,28,95,от,0
56,63,91,5,0,7,1,1,9,2081,2053,83,28,89,мая,1
57,65,93,5,0,7,1,1,11,2339,2057,31,27,90,г,0
58,67,96,5,0,7,1,2,2,324,2081,186,43,82,ПП,0
59,68,97,5,0,7,1,2,3,554,2085,66,42,93,О,0
60,69,98,5,0,7,1,2,4,664,2099,196,41,92,порядке,1
61,70,99,5,0,7,1,2,5,904,2103,311,41,89,определения,0
62,71,100,5,0,7,1,2,6,1259,2108,111,35,92,вида,0
63,72,101,5,0,7,1,2,7,1413,2097,337,54,91,фактического,0
64,73,102,5,0,7,1,2,8,1795,2117,361,32,89,использования,0
65,74,103,5,0,7,1,2,9,2202,2113,168,42,90,зданий,0
66,75,105,5,0,7,1,3,1,254,2147,255,55,79,строений,0
67,76,106,5,0,7,1,3,2,557,2157,316,51,92,сооружений,0
68,77,107,5,0,7,1,3,3,920,2171,25,28,63,и,0
69,78,108,5,0,7,1,3,4,994,2172,220,31,63,нежилых,1
70,79,109,5,0,7,1,3,5,1260,2169,281,42,87,помещений,0
71,80,110,5,0,7,1,3,6,1588,2182,82,32,87,для,1
72,81,111,5,0,7,1,3,7,1719,2173,137,42,89,целей,1
73,82,112,5,0,7,1,3,8,1905,2176,464,43,89,налогообложения,0
74,83,114,5,0,7,1,4,1,254,2230,510,40,88,приказываем,1
75,85,118,5,0,7,2,1,2,465,2287,256,54,91,Утвердить,0
76,86,119,5,0,7,2,1,3,747,2303,169,30,92,список,0
77,87,120,5,0,7,2,1,4,943,2307,422,42,91,государственных,0
78,88,121,5,0,7,2,1,5,1393,2314,317,40,91,гражданских,0
79,89,122,5,0,7,2,1,6,1737,2319,253,40,89,служащих,0
80,90,123,5,0,7,2,1,7,2018,2310,350,48,89,Госинспекции,0
81,91,125,5,0,7,2,2,1,252,2364,56,27,91,по,0
82,93,127,5,0,7,2,2,3,383,2366,356,33,61,недвижимости,0
83,95,129,5,0,7,2,2,5,815,2360,153,51,67,далее,1
84,98,132,5,0,7,2,2,8,1144,2377,419,43,88,государственные,0
85,99,133,5,0,7,2,2,9,1639,2377,269,51,92,служащие,0
86,100,134,5,0,7,2,2,10,1985,2391,24,27,86,и,0
87,102,136,5,0,7,2,2,12,2084,2379,285,53,85,работников,1
88,103,138,5,0,7,2,3,1,251,2418,443,55,91,Государственного,0
89,105,140,5,0,7,2,3,3,769,2425,305,48,72,бюджетного,0
90,106,141,5,0,7,2,3,4,1148,2445,294,41,82,учреждения,0
91,108,143,5,0,7,2,3,6,1519,2451,166,40,47,города,0
92,109,144,5,0,7,2,3,7,1760,2442,197,43,43,Москвы,0
93,111,146,5,0,7,2,3,9,2035,2447,332,43,85,Московский,1
94,112,148,5,0,7,2,4,1,250,2497,724,48,92,контрольномониторинговый,0
95,113,149,5,0,7,2,4,2,1020,2510,138,41,90,центр,0
96,114,150,5,0,7,2,4,3,1203,2513,388,33,88,недвижимости,0
97,115,151,5,0,7,2,4,4,1637,2507,152,51,92,далее,1
98,117,153,5,0,7,2,4,6,1903,2512,105,41,92,ГБУ,1
99,118,154,5,0,7,2,4,7,2052,2510,312,62,81,МКМЦН,1
100,119,156,5,0,7,2,5,1,247,2564,424,39,91,уполномоченных,0
101,120,157,5,0,7,2,5,2,701,2571,53,29,92,на,0
102,121,158,5,0,7,2,5,3,782,2573,283,40,92,проведение,0
103,122,159,5,0,7,2,5,4,1094,2571,321,49,92,мероприятий,0
104,123,160,5,0,7,2,5,5,1446,2584,56,28,92,по,0
105,124,161,5,0,7,2,5,6,1531,2585,330,41,91,определению,0
106,125,162,5,0,7,2,5,7,1892,2591,109,33,92,вида,0
107,126,163,5,0,7,2,5,8,2030,2576,332,64,91,фактического,0
108,127,165,5,0,7,2,6,1,248,2631,360,33,92,использования,0
109,128,166,5,0,7,2,6,2,639,2628,168,42,91,зданий,0
110,129,167,5,0,7,2,6,3,840,2627,258,55,65,строений,0
111,130,168,5,0,7,2,6,4,1131,2637,317,52,92,сооружений,0
112,131,169,5,0,7,2,6,5,1481,2651,26,28,89,и,0
113,132,170,5,0,7,2,6,6,1541,2653,223,30,89,нежилых,1
114,133,171,5,0,7,2,6,7,1797,2649,281,41,92,помещений,0
115,134,172,5,0,7,2,6,8,2110,2662,81,31,91,для,1
116,135,173,5,0,7,2,6,9,2226,2653,138,40,48,пелей,1
117,136,175,5,0,7,2,7,1,248,2688,431,44,92,налогообложения,0
118,137,176,5,0,7,2,7,2,697,2692,353,56,88,приложение,0
119,139,180,5,0,7,3,1,2,460,2755,402,52,90,Руководителям,1
120,140,181,5,0,7,3,1,3,892,2775,344,42,90,структурных,0
121,141,182,5,0,7,3,1,4,1265,2776,386,46,91,подразделений,0
122,142,183,5,0,7,3,1,5,1680,2788,193,31,92,довести,0
123,143,184,5,0,7,3,1,6,1903,2783,264,43,90,настоящий,0
124,144,185,5,0,7,3,1,7,2198,2796,166,39,92,приказ,0
125,145,187,5,0,7,3,2,1,244,2831,56,31,73,до,1
126,146,188,5,0,7,3,2,2,352,2832,219,34,73,сведения,0
127,147,189,5,0,7,3,2,3,624,2837,423,42,84,государственных,0
128,148,190,5,0,7,3,2,4,1099,2845,251,40,91,служащих,0
129,149,191,5,0,7,3,2,5,1403,2838,352,48,81,Госинспекции,0
130,150,192,5,0,7,3,2,6,1811,2857,56,28,77,по,0
131,151,193,5,0,7,3,2,7,1921,2859,359,32,77,недвижимости,0
132,152,194,5,0,7,3,2,8,2337,2865,24,26,89,и,0
133,153,196,5,0,7,3,3,1,244,2884,281,51,91,работников,1
134,154,197,5,0,7,3,3,2,555,2889,104,41,91,ГБУ,1
135,155,198,5,0,7,3,3,3,689,2892,294,51,30,МКМЦН,1
136,156,199,5,0,7,3,3,4,1015,2909,259,39,92,указанных,1
137,157,200,5,0,7,3,3,5,1306,2914,23,27,92,в,0
138,158,201,5,0,7,3,3,6,1360,2915,305,40,92,приложении,0
139,159,202,5,0,7,3,3,7,1696,2921,25,27,93,к,0
140,160,203,5,0,7,3,3,8,1753,2922,206,41,89,приказу,1
141,161,204,5,0,7,3,3,9,1992,2926,85,32,92,под,0
142,162,205,5,0,7,3,3,10,2107,2927,197,39,91,роспись,0
143,163,206,5,0,7,3,3,11,2336,2931,24,26,93,и,0
144,164,208,5,0,7,3,4,1,243,2949,275,44,91,обеспечить,0
145,165,209,5,0,7,3,4,2,536,2967,75,28,92,его,0
146,166,210,5,0,7,3,4,3,629,2969,309,32,92,выполнение,0
147,168,214,5,0,7,4,1,2,499,3020,334,53,82,Управлению,0
148,170,216,5,0,7,4,1,4,905,3039,480,40,52,организационного,0
149,171,217,5,0,7,4,1,5,1456,3037,324,44,52,обеспечения,0
150,172,218,5,0,7,4,1,6,1853,3043,373,47,72,Госинспекции,0
151,174,220,5,0,7,4,1,8,2302,3063,58,27,73,по,0
152,175,222,5,0,7,4,2,1,243,3094,377,33,90,недвижимости,0
153,176,223,5,0,7,4,2,2,641,3100,315,40,92,осуществить,0
154,177,224,5,0,7,4,2,3,975,3107,295,39,92,размещение,0
155,178,225,5,0,7,4,2,4,1292,3112,145,29,92,копии,1
156,179,226,5,0,7,4,2,5,1459,3115,286,35,92,настоящего,0
157,180,227,5,0,7,4,2,6,1767,3120,192,40,92,приказа,0
158,181,228,5,0,7,4,2,7,1978,3124,21,27,95,с,0
159,182,229,5,0,7,4,2,8,2022,3110,335,61,91,приложением,0
160,183,231,5,0,7,4,3,1,242,3159,23,27,82,в,0
161,185,233,5,0,7,4,3,3,334,3161,272,40,70,подразделе,1
162,186,234,5,0,7,4,3,4,674,3155,306,52,38,Результаты,0
163,188,236,5,0,7,4,3,6,1051,3174,390,35,75,инспекционных,0
164,189,237,5,0,7,4,3,7,1509,3176,325,48,65,мероприятий,0
165,190,238,5,0,7,4,3,8,1906,3189,55,28,65,по,0
166,192,240,5,0,7,4,3,10,2030,3191,329,40,76,определению,0
167,193,242,5,0,7,4,4,1,241,3212,333,53,91,фактического,0
168,195,244,5,0,7,4,4,3,642,3233,393,33,87,использования,0
169,196,245,5,0,7,4,4,4,1103,3242,186,39,80,раздела,1
170,198,247,5,0,7,4,4,6,1356,3234,341,53,68,Документы,0
171,199,248,5,0,7,4,4,7,1768,3254,53,27,59,на,0
172,201,250,5,0,7,4,4,9,1892,3256,466,44,86,интернетстранице,0
173,202,4,5,1,1,1,1,1,242,296,348,50,55,Госинспекции,0
174,203,5,5,1,1,1,1,2,662,314,57,27,55,по,0
175,204,6,5,1,1,1,1,3,792,314,363,34,76,недвижимости,0
176,205,7,5,1,1,1,1,4,1226,317,55,28,78,на,0
177,206,8,5,1,1,1,1,5,1350,305,335,53,17,официальном,0
178,207,9,5,1,1,1,1,6,1757,311,131,39,61,сайте,0
179,208,10,5,1,1,1,1,7,1959,311,128,52,19,Мэра,1
180,210,12,5,1,1,1,1,9,2155,312,196,40,78,Москвы,0
181,211,14,5,1,1,1,2,1,242,362,576,59,0,БорУумуутотшвр,0
182,213,18,5,1,1,2,1,2,476,434,230,52,92,Признать,0
183,214,19,5,1,1,2,1,3,755,448,307,41,89,утратившим,0
184,215,20,5,1,1,2,1,4,1112,450,112,40,90,силу,1
185,216,21,5,1,1,2,1,5,1272,451,165,40,88,приказ,0
186,217,22,5,1,1,2,1,6,1487,441,352,47,90,Госинспекции,0
187,218,23,5,1,1,2,1,7,1889,456,57,28,90,по,0
188,219,24,5,1,1,2,1,8,1995,456,356,35,64,недвижимости,0
189,220,26,5,1,1,2,2,1,241,510,52,29,96,от,0
190,222,28,5,1,1,2,2,3,361,512,139,41,91,марта,1
191,224,30,5,1,1,2,2,5,655,515,32,27,92,г,0
192,226,32,5,1,1,2,2,7,786,502,225,42,91,ПР,0
193,227,33,5,1,1,2,2,8,1033,503,69,42,92,О,0
194,228,34,5,1,1,2,2,9,1123,517,280,30,92,назначении,0
195,229,35,5,1,1,2,2,10,1424,520,103,36,91,лиц,1
196,230,36,5,1,1,2,2,11,1549,521,428,39,92,уполномоченных,0
197,231,37,5,1,1,2,2,12,1998,523,54,28,93,на,0
198,232,38,5,1,1,2,2,13,2072,524,279,40,90,проведение,0
199,233,40,5,1,1,2,3,1,241,569,319,50,91,мероприятий,0
200,234,41,5,1,1,2,3,2,586,581,56,27,91,по,0
201,235,42,5,1,1,2,3,3,666,581,331,41,92,определению,0
202,236,43,5,1,1,2,3,4,1022,583,112,34,91,вида,0
203,237,44,5,1,1,2,3,5,1158,570,335,54,91,фактического,0
204,238,45,5,1,1,2,3,6,1517,587,363,30,92,использования,0
205,239,46,5,1,1,2,3,7,1904,579,167,44,92,зданий,0
206,240,47,5,1,1,2,3,8,2095,577,255,53,92,строений,0
207,241,49,5,1,1,2,4,1,241,635,314,52,91,сооружений,0
208,242,50,5,1,1,2,4,2,573,648,27,28,92,и,0
209,243,51,5,1,1,2,4,3,619,648,224,29,92,нежилых,1
210,244,52,5,1,1,2,4,4,862,640,284,43,90,помещений,0
211,245,53,5,1,1,2,4,5,1162,651,83,34,91,для,1
212,246,54,5,1,1,2,4,6,1263,641,139,44,92,целей,1
213,247,55,5,1,1,2,4,7,1420,641,478,43,87,налогообложения,0
214,249,59,5,1,1,3,1,2,443,702,278,44,90,Настоящий,0
215,250,60,5,1,1,3,1,3,740,716,166,40,92,приказ,0
216,251,61,5,1,1,3,1,4,925,717,214,40,92,вступает,0
217,252,62,5,1,1,3,1,5,1157,718,23,28,93,в,0
218,253,63,5,1,1,3,1,6,1197,718,112,41,92,силу,1
219,254,64,5,1,1,3,1,7,1326,719,22,28,96,с,0
220,256,66,5,1,1,3,1,9,1410,720,130,28,92,июня,1
221,258,68,5,1,1,3,1,11,1689,723,32,27,91,г,0
222,260,72,5,1,1,4,1,2,455,769,233,53,93,Контроль,0
223,261,73,5,1,1,4,1,3,717,783,48,28,92,за,0
224,262,74,5,1,1,4,1,4,793,784,336,29,91,выполнением,0
225,263,75,5,1,1,4,1,5,1159,785,282,34,91,настоящего,0
226,264,76,5,1,1,4,1,6,1471,787,192,40,92,приказа,0
227,265,77,5,1,1,4,1,7,1691,789,256,29,92,возложить,0
228,266,78,5,1,1,4,1,8,1976,790,54,28,93,на,0
229,267,79,5,1,1,4,1,9,2056,790,293,29,92,заместителя,0
230,268,81,5,1,1,4,2,1,241,847,279,30,85,начальника,0
231,269,82,5,1,1,4,2,2,570,837,354,47,85,Госинспекции,0
232,270,83,5,1,1,4,2,3,977,851,57,28,89,по,0
233,271,84,5,1,1,4,2,4,1087,852,360,34,86,недвижимости,0
234,272,85,5,1,1,4,2,5,1500,841,275,54,89,Горбунова,1
235,273,86,5,1,1,4,2,6,1828,844,119,49,70,АЕ,1
236,274,87,5,1,1,4,2,7,2000,857,55,27,90,на,0
237,275,88,5,1,1,4,2,8,2103,857,250,41,85,директора,0
238,276,90,5,1,1,4,3,1,241,903,104,42,88,ГБУ,1
239,277,91,5,1,1,4,3,2,363,904,276,51,87,МКМЦН,1
240,278,92,5,1,1,4,3,3,658,905,297,42,90,Метелкина,1
241,279,93,5,1,1,4,3,4,972,907,109,50,90,ДА,0
242,280,97,5,1,2,1,1,1,242,1176,291,42,92,Начальник,0
243,281,98,5,1,2,1,1,2,1438,1180,254,53,90,Директор,0
244,282,100,5,1,2,1,2,1,242,1243,368,47,89,Госинспекции,0
245,283,101,5,1,2,1,2,2,631,1257,57,28,91,по,0
246,284,102,5,1,2,1,2,3,708,1258,384,33,90,недвижимости,0
247,285,103,5,1,2,1,2,4,1408,1242,464,69,0,ДБУМКМЦН,1
248,287,108,5,1,3,1,1,1,704,1374,405,59,86,ВАОвчинский,1
249,288,109,5,1,3,1,1,2,1905,1382,369,49,90,ДАМетелкин,1
250,289,113,5,1,4,1,1,1,355,1630,158,33,32,РгВнизации,0
251,290,117,5,1,5,1,1,1,374,1662,114,32,68,рабОТыс,1
252,292,120,5,1,5,1,2,2,341,1695,169,31,50,Аокументами,1
253,297,8,5,2,2,1,1,1,1279,181,312,53,91,Приложение,0
254,298,11,5,2,2,2,1,1,1280,261,25,27,93,к,0
255,299,12,5,2,2,2,1,2,1322,261,321,40,91,совместному,0
256,300,13,5,2,2,2,1,3,1661,262,194,40,91,приказу,1
257,301,14,5,2,2,2,1,4,1872,250,352,46,91,Госинспекции,0
258,302,15,5,2,2,2,1,5,2243,265,57,27,92,по,0
259,303,17,5,2,2,2,2,1,1280,328,362,33,92,недвижимости,0
260,304,18,5,2,2,2,2,2,1660,329,27,28,92,и,0
261,305,19,5,2,2,2,2,3,1705,317,106,41,91,ГБУ,1
262,306,20,5,2,2,2,2,4,1829,318,279,49,84,МКМЦН,1
263,307,23,5,2,2,3,1,1,1279,395,53,28,88,от,0
264,311,27,5,2,2,3,1,5,1571,385,255,40,0,етвген,1
265,314,30,5,2,2,3,1,8,2020,398,32,27,91,г,0
266,318,37,5,2,3,1,1,4,1623,442,93,69,48,о,0
267,320,39,5,2,3,1,1,6,1778,451,126,48,0,ПР,0
268,321,40,5,2,3,1,1,7,1947,446,222,59,34,ЕР,1
269,322,44,5,2,4,1,1,1,1130,651,193,42,91,Список,0
270,323,46,5,2,4,1,2,1,679,729,451,41,91,государственных,0
271,324,47,5,2,4,1,2,2,1148,731,338,41,91,гражданских,0
272,325,48,5,2,4,1,2,3,1504,733,270,40,91,служащих,0
273,326,50,5,2,4,1,3,1,383,782,371,47,91,Госинспекции,0
274,327,51,5,2,4,1,3,2,775,796,58,29,90,по,0
275,328,52,5,2,4,1,3,3,852,797,381,33,90,недвижимости,0
276,329,53,5,2,4,1,3,4,1253,799,27,28,92,и,0
277,330,54,5,2,4,1,3,5,1301,787,305,52,90,работников,1
278,331,55,5,2,4,1,3,6,1625,788,116,42,90,ГБУ,1
279,332,56,5,2,4,1,3,7,1757,789,312,50,61,МКМЦН,1
280,334,64,5,2,6,1,1,1,332,861,452,40,91,уполномоченных,0
281,335,65,5,2,6,1,1,2,802,864,58,28,93,на,0
282,336,66,5,2,6,1,1,3,880,864,296,41,91,проведение,0
283,337,67,5,2,6,1,1,4,1194,856,346,51,90,мероприятий,0
284,338,68,5,2,6,1,1,5,1560,868,60,28,91,по,0
285,339,69,5,2,6,1,1,6,1638,868,344,41,90,определению,0
286,340,70,5,2,6,1,1,7,2001,870,117,32,91,вида,0
287,346,86,5,2,9,1,1,3,306,1910,59,89,26,нр,0
288,347,87,5,2,9,1,1,4,306,1797,59,90,44,ер,1
289,348,88,5,2,9,1,1,5,312,1404,39,373,10,мАр,0
290,349,89,5,2,9,1,1,6,306,1403,59,70,63,ь,0
291,350,93,5,2,10,1,1,1,311,3171,12,40,28,ж,0
292,351,94,5,2,10,1,1,2,302,3061,32,104,26,о,0
293,357,100,5,2,10,1,1,8,302,2513,32,78,9,о,0
294,359,102,5,2,10,1,1,10,302,2340,32,59,6,о,0
295,362,106,5,2,10,1,2,2,335,3061,37,15,28,р,0
296,363,107,5,2,10,1,2,3,330,2901,58,90,44,Ор,0
297,364,108,5,2,10,1,2,4,336,2843,37,40,40,м,0
298,365,109,5,2,10,1,2,5,330,2679,58,94,47,Вр,0
299,366,110,5,2,10,1,2,6,330,2513,58,151,22,оГГ,0
300,368,115,5,2,11,1,1,1,420,917,364,53,91,фактического,0
301,369,116,5,2,11,1,1,2,803,932,391,29,91,использования,0
302,370,117,5,2,11,1,1,3,1212,923,177,43,90,зданий,0
303,371,118,5,2,11,1,1,4,1409,922,275,53,90,строений,0
304,372,119,5,2,11,1,1,5,1701,925,329,51,86,сооружений,0
305,373,121,5,2,11,1,2,1,546,998,28,27,92,и,0
306,374,122,5,2,11,1,2,2,595,998,236,29,90,нежилых,1
307,375,123,5,2,11,1,2,3,851,989,297,43,91,помещений,0
308,376,124,5,2,11,1,2,4,1165,1001,90,32,91,для,1
309,377,125,5,2,11,1,2,5,1275,990,145,44,91,целей,1
310,378,126,5,2,11,1,2,6,1441,991,462,41,90,налогообложения,0
311,379,130,5,2,12,1,1,1,594,1160,260,50,88,Фамилия,1
312,380,131,5,2,12,1,1,2,873,1174,116,36,86,имя,0
313,381,132,5,2,12,1,1,3,1006,1175,226,29,90,отчество,0
314,382,133,5,2,12,1,1,4,1252,1176,450,41,91,государственных,0
315,383,134,5,2,12,1,1,5,1722,1179,338,40,90,гражданских,0
316,384,136,5,2,12,1,2,1,757,1240,270,34,91,служащих,0
317,385,137,5,2,12,1,2,2,1045,1230,369,46,92,Госинспекции,0
318,386,138,5,2,12,1,2,3,1435,1244,57,28,88,по,0
319,387,139,5,2,12,1,2,4,1512,1245,384,33,89,недвижимости,0
320,388,143,5,2,13,1,1,1,452,1316,231,53,92,Протасов,1
321,389,144,5,2,13,1,1,2,700,1317,265,54,92,Александр,1
322,390,145,5,2,13,1,1,3,983,1318,251,54,92,Сергеевич,1
323,391,147,5,2,13,1,2,1,452,1427,201,41,92,Киселев,1
324,392,148,5,2,13,1,2,2,670,1428,196,42,89,Филипп,1
325,393,149,5,2,13,1,2,3,885,1430,310,41,89,Михайлович,1
326,394,151,5,2,13,1,3,1,451,1538,301,42,92,Вишневская,1
327,395,152,5,2,13,1,3,2,772,1540,146,41,91,Елена,1
328,396,153,5,2,13,1,3,3,934,1541,362,54,92,Владимировна,1
329,397,155,5,2,13,1,4,1,451,1647,193,42,89,Зельчан,1
330,398,156,5,2,13,1,4,2,662,1649,171,54,89,Сергей,1
331,399,157,5,2,13,1,4,3,851,1651,364,54,91,Владимирович,1
332,400,159,5,2,13,1,5,1,450,1759,189,41,91,Ионкин,1
333,401,160,5,2,13,1,5,2,657,1760,205,42,92,Алексей,1
334,402,161,5,2,13,1,5,3,881,1762,239,41,89,Иванович,1
335,403,163,5,2,13,1,6,1,450,1869,204,42,91,Валитов,1
336,404,164,5,2,13,1,6,2,671,1871,144,41,91,Ринат,1
337,405,165,5,2,13,1,6,3,832,1871,303,54,91,Ханяфиевич,1
338,406,167,5,2,13,1,7,1,449,1980,214,47,92,Володин,1
339,407,168,5,2,13,1,7,2,681,1981,119,42,91,Олег,1
340,408,169,5,2,13,1,7,3,817,1983,379,54,92,Александрович,1
341,409,173,5,2,14,1,1,1,449,2091,218,53,91,Горшков,1
342,410,174,5,2,14,1,1,2,683,2093,151,49,91,Денис,1
343,411,175,5,2,14,1,1,3,853,2093,253,54,91,Сергеевич,1
344,413,183,5,2,16,1,1,1,449,2203,185,41,91,Маслов,1
345,414,184,5,2,16,1,1,2,651,2204,156,53,91,Артем,1
346,415,185,5,2,16,1,1,3,826,2205,285,54,89,Валерьевич,1
347,416,187,5,2,16,1,2,1,447,2313,177,53,88,Петров,1
348,417,188,5,2,16,1,2,2,641,2315,182,41,91,Никита,1
349,418,189,5,2,16,1,2,3,840,2316,364,54,91,Владимирович,1
350,419,193,5,2,17,1,1,1,447,2423,318,55,92,Субхангулов,1
351,420,194,5,2,17,1,1,2,784,2426,170,41,90,Равиль,1
352,421,195,5,2,17,1,1,3,972,2428,377,53,90,Александрович,1
353,423,203,5,2,19,1,1,1,447,2535,167,41,91,Елшин,1
354,424,204,5,2,19,1,1,2,632,2536,203,41,90,Евгений,1
355,425,205,5,2,19,1,1,3,854,2538,261,52,91,Борисович,1
356,428,214,5,2,21,1,1,1,446,2646,253,42,92,Неткачева,1
357,429,215,5,2,21,1,1,2,716,2648,237,54,92,Виктория,1
358,430,216,5,2,21,1,1,3,971,2650,288,53,91,Валериевна,1
359,433,228,5,2,24,1,1,1,445,2755,197,41,90,Князева,1
360,434,229,5,2,24,1,1,2,658,2757,195,41,91,Татьяна,1
361,435,230,5,2,24,1,1,3,871,2759,308,41,92,Михайловна,1
362,436,232,5,2,24,1,2,1,445,2864,326,53,92,Колобердина,1
363,437,233,5,2,24,1,2,2,788,2867,158,51,91,Ирина,1
364,438,234,5,2,24,1,2,3,962,2868,284,41,91,Алексеевна,1
365,439,236,5,2,24,1,3,1,444,2973,272,42,91,Метелкина,1
366,440,237,5,2,24,1,3,2,732,2975,293,54,92,Александра,1
367,441,238,5,2,24,1,3,3,1040,2977,266,53,92,Андреевна,1
368,442,240,5,2,24,1,4,1,443,3083,224,52,90,Бузенков,1
369,443,241,5,2,24,1,4,2,685,3085,210,41,92,Василий,1
370,444,242,5,2,24,1,4,3,914,3087,363,53,90,Владимирович,1
371,445,246,5,2,25,1,1,1,443,3193,204,42,92,Голиков,1
372,446,247,5,2,25,1,1,2,665,3194,265,55,91,Александр,1
373,447,248,5,2,25,1,1,3,947,3196,379,54,91,Александрович,1
374,449,4,5,3,1,1,1,1,454,260,150,51,92,Дедов,1
375,450,5,5,3,1,1,1,2,620,260,149,53,90,Игорь,1
376,451,6,5,3,1,1,1,3,785,260,320,42,90,Анатольевич,1
377,453,11,5,3,2,1,1,2,455,370,195,54,91,Зубаков,1
378,454,12,5,3,2,1,1,3,666,372,223,53,91,Дмитрий,1
379,455,13,5,3,2,1,1,4,907,371,320,54,92,Альбертович,1
380,458,19,5,3,3,1,1,3,454,482,237,41,89,Иваненко,1
381,459,20,5,3,3,1,1,4,708,483,150,53,90,Игорь,1
382,460,21,5,3,3,1,1,5,875,483,295,41,91,Николаевич,1
383,463,27,5,3,4,1,1,3,453,592,245,42,91,Костюков,1
384,464,28,5,3,4,1,1,4,715,593,206,41,91,Алексей,1
385,465,29,5,3,4,1,1,5,939,593,271,42,91,Семенович,1
386,466,31,5,3,4,1,2,1,453,705,215,53,91,Макаров,1
387,467,32,5,3,4,1,2,2,684,705,267,53,89,Александр,1
388,468,33,5,3,4,1,2,3,968,705,317,41,92,Анатольевич,1
389,469,37,5,3,5,1,1,1,452,816,222,41,90,Мигалин,1
390,470,38,5,3,5,1,1,2,691,816,196,41,91,Михаил,1
391,471,39,5,3,5,1,1,3,906,817,362,53,91,Владимирович,1
392,473,45,5,3,6,1,1,1,453,928,249,40,91,Мясников,1
393,474,46,5,3,6,1,1,2,718,928,207,41,92,Алексей,1
394,475,47,5,3,6,1,1,3,943,928,294,53,91,Викторович,1
395,476,51,5,3,7,1,1,1,315,461,25,151,7,ю,1
396,482,64,5,3,9,1,1,3,453,1039,179,41,87,Носков,1
397,483,65,5,3,9,1,1,4,649,1039,204,40,92,Евгений,1
398,484,66,5,3,9,1,1,5,845,1035,401,64,91,Александрович,1
399,486,69,5,3,9,1,2,2,453,1149,182,46,91,Оводов,1
400,487,70,5,3,9,1,2,3,652,1150,223,53,91,Дмитрий,1
401,488,71,5,3,9,1,2,4,894,1150,283,53,92,Валерьевич,1
402,491,75,5,3,9,1,3,3,453,1261,146,40,86,Пегов,1
403,492,76,5,3,9,1,3,4,616,1261,185,53,92,Кирилл,1
404,493,77,5,3,9,1,3,5,820,1261,408,40,92,Константинович,1
405,495,80,5,3,9,1,4,2,453,1376,257,53,91,Первушин,1
406,496,81,5,3,9,1,4,3,729,1375,148,54,92,Юрий,1
407,497,82,5,3,9,1,4,4,896,1376,279,41,92,Евгеньевич,1
408,499,88,5,3,10,1,1,1,453,1492,260,53,92,Перегудов,1
409,500,89,5,3,10,1,1,2,730,1491,171,54,91,Сергей,1
410,501,90,5,3,10,1,1,3,920,1492,378,53,91,Александрович,1
411,504,99,5,3,12,1,1,2,454,1603,204,47,91,Подагов,1
412,505,100,5,3,12,1,1,3,675,1603,197,41,91,Максим,1
413,506,101,5,3,12,1,1,4,890,1603,234,53,92,Игоревич,1
414,509,107,5,3,13,1,1,3,454,1714,201,52,91,Пузаков,1
415,510,108,5,3,13,1,1,4,673,1714,250,53,91,Владимир,1
416,511,109,5,3,13,1,1,5,940,1714,286,40,91,Алексеевич,1
417,515,121,5,3,15,1,1,1,454,1834,162,41,91,Фокин,1
418,516,122,5,3,15,1,1,2,634,1834,265,53,92,Александр,1
419,517,123,5,3,15,1,1,3,917,1834,252,53,92,Сергеевич,1
420,519,128,5,3,16,1,1,2,453,1955,292,53,91,Чернявский,1
421,520,129,5,3,16,1,1,3,764,1954,147,54,92,Юрий,1
422,521,130,5,3,16,1,1,4,929,1955,380,53,90,Александрович,1
423,524,139,5,3,18,1,1,2,455,2066,209,52,92,Чучунов,1
424,525,140,5,3,18,1,1,3,681,2066,152,49,91,Денис,1
425,526,141,5,3,18,1,1,4,851,2065,253,53,89,Сергеевич,1
426,528,146,5,3,19,1,1,2,454,2177,278,52,85,Третьякова,1
427,529,147,5,3,19,1,1,3,749,2177,161,52,91,Мария,1
428,530,148,5,3,19,1,1,4,929,2177,265,53,91,Андреевна,1
429,531,152,5,3,20,1,1,1,346,2266,37,40,63,Ш,1
430,532,153,5,3,20,1,1,2,455,2287,239,52,90,Федорова,1
431,533,154,5,3,20,1,1,3,712,2287,257,53,92,Екатерина,1
432,534,155,5,3,20,1,1,4,986,2287,310,46,91,Геннадьевна,1
433,536,160,5,3,21,1,1,2,454,2398,301,53,91,Парамонова,1
434,537,161,5,3,21,1,1,3,772,2398,146,41,91,Елена,1
435,538,162,5,3,21,1,1,4,934,2397,225,54,91,Юрьевна,1
436,539,166,5,3,22,1,1,1,454,2508,255,42,91,Алексеева,1
437,540,167,5,3,22,1,1,2,725,2509,159,53,92,Ирина,1
438,541,168,5,3,22,1,1,3,900,2510,363,52,90,Владимировна,1
439,542,170,5,3,22,1,2,1,454,2620,208,52,92,Алтухов,1
440,543,171,5,3,22,1,2,2,680,2621,183,40,91,Никита,1
441,544,172,5,3,22,1,2,3,880,2621,303,52,90,Дмитриевич,1
442,547,184,5,3,25,1,1,1,454,2729,244,52,92,Агафонов,1
443,548,185,5,3,25,1,1,2,716,2731,179,51,92,Виктор,0
444,549,186,5,3,25,1,1,3,913,2731,407,39,90,Константинович,1
445,552,190,5,3,25,1,2,3,454,2838,166,41,89,Беляев,1
446,553,191,5,3,25,1,2,4,638,2838,171,53,92,Сергей,1
447,554,192,5,3,25,1,2,5,828,2839,262,52,91,Борисович,1
448,557,196,5,3,25,1,3,3,454,2948,214,51,91,Брыксин,1
449,558,197,5,3,25,1,3,4,687,2947,172,53,91,Сергей,1
450,559,198,5,3,25,1,3,5,877,2948,287,40,91,Алексеевич,1
451,561,203,5,3,26,1,1,2,455,3057,242,46,92,Гондылев,1
452,562,204,5,3,26,1,1,3,714,3057,173,53,92,Сергей,1
453,563,205,5,3,26,1,1,4,904,3058,285,52,92,Валерьевич,1
454,565,210,5,3,27,1,1,2,454,3165,220,53,92,Захарова,1
455,566,211,5,3,27,1,1,3,690,3166,145,41,92,Юлия,1
456,567,212,5,3,27,1,1,4,853,3167,294,40,91,Николаевна,1
457,571,8,5,4,2,1,1,1,453,262,239,53,91,Пурескин,1
458,572,9,5,4,2,1,1,2,711,263,248,54,91,Владимир,1
459,573,10,5,4,2,1,1,3,976,265,318,46,92,Геннадиевич,1
460,576,20,5,4,4,1,1,1,453,373,153,41,92,Белим,1
461,577,21,5,4,4,1,1,2,623,373,293,42,90,Константин,1
462,578,22,5,4,4,1,1,3,933,375,282,41,90,Евгеньевич,1
463,580,28,5,4,5,1,2,1,345,462,23,41,55,со,1
464,581,32,5,4,6,1,1,1,452,484,237,41,91,Колпаков,1
465,582,33,5,4,6,1,1,2,706,484,182,41,91,Никита,1
466,583,34,5,4,6,1,1,3,904,484,254,54,90,Сергеевич,1
467,586,44,5,4,8,1,1,1,452,595,266,53,91,Шумилова,1
468,587,45,5,4,8,1,1,2,734,595,176,41,91,Ксения,1
469,588,46,5,4,8,1,1,3,927,596,268,53,91,Андреевна,1
470,589,50,5,4,9,1,1,1,315,685,22,40,68,л,0
471,591,56,5,4,10,1,1,1,451,706,240,41,91,Аниськов,1
472,592,57,5,4,10,1,1,2,707,706,186,54,92,Андрей,1
473,593,58,5,4,10,1,1,3,911,708,296,40,91,Николаевич,1
474,594,62,5,4,11,1,1,1,451,817,219,50,88,Щеглова,1
475,595,63,5,4,11,1,1,2,686,818,145,41,92,Елена,1
476,596,64,5,4,11,1,1,3,847,818,318,42,90,Анатольевна,1
477,597,68,5,4,12,1,1,1,314,907,22,41,43,сл,0
478,598,70,5,4,12,1,2,1,342,907,25,40,31,ъ,1
479,599,74,5,4,13,1,1,1,451,928,355,41,92,Камышанский,1
480,600,75,5,4,13,1,1,2,824,929,265,54,91,Александр,1
481,601,76,5,4,13,1,1,3,1106,930,295,53,91,Викторович,1
482,604,82,5,4,14,1,1,3,451,1039,254,54,92,Каракчеев,1
483,605,83,5,4,14,1,1,4,722,1040,227,41,89,Вячеслав,1
484,606,84,5,4,14,1,1,5,965,1040,287,42,89,Алексеевич,1
485,610,94,5,4,16,1,1,3,451,1151,164,53,90,Кулеш,1
486,611,95,5,4,16,1,1,4,632,1151,202,41,91,Наталия,1
487,612,96,5,4,16,1,1,5,852,1152,268,53,92,Андреевна,1
488,613,100,5,4,17,1,1,1,342,1241,22,40,21,л,0
489,616,106,5,4,18,1,1,3,451,1262,177,53,91,Прасол,0
490,617,107,5,4,18,1,1,4,646,1262,291,41,91,Константин,1
491,618,108,5,4,18,1,1,5,956,1263,253,53,88,Сергеевич,1
492,619,112,5,4,19,1,1,1,314,1352,21,40,72,л,0
493,622,118,5,4,20,1,1,3,451,1373,228,41,91,Ратников,1
494,623,119,5,4,20,1,1,4,696,1373,204,41,91,Алексей,1
495,624,120,5,4,20,1,1,5,918,1373,226,54,92,Юрьевич,1
496,628,130,5,4,22,1,1,3,451,1483,230,41,91,Соловьев,1
497,629,131,5,4,22,1,1,4,698,1484,221,53,91,Дмитрий,1
498,630,132,5,4,22,1,1,5,937,1484,380,53,92,Александрович,1
499,631,136,5,4,23,1,1,1,314,1573,21,41,28,л,0
500,634,142,5,4,24,1,1,3,450,1595,204,40,92,Галкина,1
501,635,143,5,4,24,1,1,4,670,1595,257,53,92,Екатерина,1
502,636,144,5,4,24,1,1,5,942,1596,239,41,92,Ивановна,1
503,637,148,5,4,25,1,1,1,341,1684,25,41,52,о,0
504,640,154,5,4,26,1,1,3,449,1705,241,53,91,Ларионов,1
505,641,155,5,4,26,1,1,4,707,1705,221,53,91,Дмитрий,1
506,642,156,5,4,26,1,1,5,946,1706,285,53,91,Валерьевич,1
507,643,160,5,4,27,1,1,1,313,1684,21,35,52,л,0
508,644,161,5,4,27,1,1,2,314,1463,21,35,43,л,0
509,645,162,5,4,27,1,1,3,309,1214,37,56,0,ли,1
510,646,163,5,4,27,1,1,4,315,796,21,40,70,л,0
511,652,173,5,4,28,1,1,1,450,1815,199,53,91,Петряев,1
512,653,174,5,4,28,1,1,2,667,1815,204,42,89,Алексей,1
513,654,175,5,4,28,1,1,3,890,1815,253,54,89,Сергеевич,1
514,658,185,5,4,30,1,1,3,450,1925,174,42,88,Светик,0
515,659,186,5,4,30,1,1,4,641,1927,184,53,93,Кирилл,1
516,660,187,5,4,30,1,1,5,844,1927,365,53,91,Владимирович,1
517,662,195,5,4,32,1,1,1,449,2035,244,54,91,Агафонов,1
518,663,196,5,4,32,1,1,2,711,2038,121,40,92,Иван,1
519,664,197,5,4,32,1,1,3,852,2038,341,40,92,Вячеславович,1
520,669,211,5,4,35,1,1,3,449,2147,202,41,88,Акельев,1
521,670,212,5,4,35,1,1,4,669,2148,264,53,91,Александр,1
522,671,213,5,4,35,1,1,5,950,2148,380,53,91,Александрович,1
523,674,217,5,4,35,1,2,3,449,2258,246,41,86,Балашкин,1
524,675,218,5,4,35,1,2,4,714,2258,204,42,93,Алексей,1
525,676,219,5,4,35,1,2,5,936,2259,287,41,92,Васильевич,1
526,678,223,5,4,35,2,1,2,449,2369,174,53,92,Гурков,1
527,679,224,5,4,35,2,1,3,640,2370,204,41,91,Алексей,1
528,680,225,5,4,35,2,1,4,863,2370,295,41,90,Николаевич,1
529,682,229,5,4,35,3,1,2,448,2480,206,53,91,Дикарев,1
530,683,230,5,4,35,3,1,3,672,2481,201,40,91,Евгений,1
531,684,231,5,4,35,3,1,4,892,2481,286,41,91,Алексеевич,1
532,686,235,5,4,35,4,1,2,449,2591,195,52,91,Рузанов,1
533,687,236,5,4,35,4,1,3,661,2592,213,41,92,Николай,1
534,688,237,5,4,35,4,1,4,893,2592,253,53,91,Сергеевич,1
535,690,244,5,4,36,1,1,1,449,2706,211,51,92,Чапурин,1
536,691,245,5,4,36,1,1,2,679,2706,170,52,91,Сергей,1
537,692,246,5,4,36,1,1,3,868,2707,379,52,91,Александрович,1
538,693,250,5,4,37,1,1,1,311,2798,24,40,28,е,0
539,695,256,5,4,38,1,1,1,448,2819,117,52,92,Чуев,1
540,696,257,5,4,38,1,1,2,583,2820,214,40,90,Николай,1
541,697,258,5,4,38,1,1,3,813,2820,382,53,90,Александрович,1
542,699,263,5,4,39,1,1,2,448,2929,304,52,92,Мартышкин,1
543,700,264,5,4,39,1,1,3,770,2930,249,52,91,Владимир,1
544,701,265,5,4,39,1,1,4,1037,2930,406,41,92,Константинович,1
545,702,269,5,4,40,1,1,1,448,3038,229,41,91,Оганесян,1
546,703,270,5,4,40,1,1,2,695,3039,151,40,90,Роман,1
547,704,271,5,4,40,1,1,3,865,3039,259,41,91,Ваганович,1
548,706,276,5,4,41,1,1,2,448,3146,234,53,92,Астафьев,1
549,707,277,5,4,41,1,1,3,699,3148,206,40,92,Алексей,1
550,708,278,5,4,41,1,1,4,923,3148,261,52,90,Борисович,1
551,709,280,5,4,41,1,2,1,448,3256,269,52,89,Ширинкин,1
552,710,281,5,4,41,1,2,2,735,3256,171,53,91,Сергей,1
553,711,282,5,4,41,1,2,3,924,3257,379,52,92,Александрович,1
554,712,4,5,5,1,1,1,1,317,241,24,40,38,ы,1
555,714,10,5,5,2,1,1,1,454,262,323,53,92,Алисултанов,1
556,715,11,5,5,2,1,1,2,794,264,160,52,92,Мурат,1
557,716,12,5,5,2,1,1,3,970,264,237,41,90,Лечиевич,1
558,718,18,5,5,3,1,2,1,347,352,22,40,9,л,0
559,719,22,5,5,4,1,1,1,455,373,206,53,92,Быстров,1
560,720,23,5,5,4,1,1,2,678,373,171,54,90,Сергей,1
561,721,24,5,5,4,1,1,3,868,375,241,40,90,Иванович,1
562,723,32,5,5,6,1,1,1,454,484,216,53,92,Воронин,1
563,724,33,5,5,6,1,1,2,688,485,204,41,92,Евгений,1
564,725,34,5,5,6,1,1,3,910,485,379,54,91,Александрович,1
565,726,38,5,5,7,1,1,1,454,595,242,51,90,Давыдова,1
566,727,39,5,5,7,1,1,2,712,596,198,41,90,Татьяна,1
567,728,40,5,5,7,1,1,3,926,597,340,41,90,Вячеславовна,1
568,731,49,5,5,9,1,1,2,453,707,208,50,92,Денисов,1
569,732,50,5,5,9,1,1,3,678,706,172,54,91,Сергей,1
570,733,51,5,5,9,1,1,4,868,707,227,54,92,Юрьевич,1
571,735,59,5,5,11,1,1,1,453,818,221,52,90,Дерюгин,1
572,736,60,5,5,11,1,1,2,691,818,224,53,90,Дмитрий,1
573,737,61,5,5,11,1,1,3,932,819,295,52,91,Викторович,1
574,738,63,5,5,11,1,2,1,453,927,203,54,92,Кубасов,1
575,739,64,5,5,11,1,2,2,673,929,204,40,92,Евгений,1
576,740,65,5,5,11,1,2,3,895,929,365,53,90,Владимирович,1
577,741,69,5,5,12,1,1,1,454,1039,156,41,90,Попов,1
578,742,70,5,5,12,1,1,2,626,1039,183,41,91,Никита,1
579,743,71,5,5,12,1,1,3,825,1040,303,53,90,Кириллович,1
580,744,75,5,5,13,1,1,1,316,1129,23,42,68,со,1
581,747,81,5,5,14,1,1,3,453,1151,209,54,92,Хуторов,1
582,748,82,5,5,14,1,1,4,679,1151,205,42,91,Алексей,1
583,749,83,5,5,14,1,1,5,902,1152,269,53,92,Андреевич,1
584,750,87,5,5,15,1,1,1,316,1241,23,41,0,с,0
585,753,93,5,5,16,1,1,3,454,1263,261,53,90,Чернышов,1
586,754,94,5,5,16,1,1,4,733,1263,204,41,90,Алексей,1
587,755,95,5,5,16,1,1,5,955,1263,319,41,90,Анатольевич,1
588,760,109,5,5,19,1,1,3,453,1374,243,52,91,Трыканов,1
589,761,110,5,5,19,1,1,4,714,1374,185,53,92,Андрей,1
590,762,111,5,5,19,1,1,5,919,1374,267,53,92,Андреевич,1
591,763,115,5,5,20,1,1,1,312,1353,38,48,45,со,1
592,766,124,5,5,22,1,1,1,316,1463,23,41,33,со,1
593,767,128,5,5,23,1,1,1,345,1464,37,40,64,ы,1
594,768,129,5,5,23,1,1,2,454,1483,110,53,90,Зоря,1
595,769,130,5,5,23,1,1,3,583,1484,201,40,92,Евгений,1
596,770,131,5,5,23,1,1,4,803,1485,288,40,91,Витальевич,1
597,771,135,5,5,24,1,1,1,454,1595,288,53,92,Кирдяшкин,1
598,772,136,5,5,24,1,1,2,759,1596,147,40,91,Павел,0
599,773,137,5,5,24,1,1,3,924,1596,242,40,92,Иванович,1
600,777,147,5,5,26,1,1,3,453,1706,285,52,91,Багаудинов,1
601,778,148,5,5,26,1,1,4,755,1707,160,52,92,Мурат,1
602,779,149,5,5,26,1,1,5,931,1707,296,52,92,Арсланович,1
603,782,155,5,5,27,1,1,3,454,1817,289,46,91,Гайдалович,1
604,783,156,5,5,27,1,1,4,760,1818,235,45,92,Людмила,1
605,784,157,5,5,27,1,1,5,1011,1817,225,54,91,Юрьевна,1
606,786,165,5,5,29,1,1,1,453,1928,256,41,91,Гоголенко,1
607,787,166,5,5,29,1,1,2,727,1929,151,50,91,Денис,1
608,788,167,5,5,29,1,1,3,896,1929,314,40,91,Максимович,1
609,789,171,5,5,30,1,1,1,453,2039,261,53,92,Короткова,1
610,790,172,5,5,30,1,1,2,731,2040,257,53,92,Екатерина,1
611,791,173,5,5,30,1,1,3,1004,2040,379,53,91,Александровна,1
612,798,187,5,5,32,1,1,3,453,2150,269,41,90,Локтионов,1
613,799,188,5,5,32,1,1,4,739,2150,155,53,92,Артм,1
614,800,189,5,5,32,1,1,5,913,2151,380,53,91,Александрович,1
615,802,192,5,5,32,1,2,2,454,2260,260,46,91,Онищенко,1
616,803,193,5,5,32,1,2,3,732,2261,205,41,91,Алексей,1
617,804,194,5,5,32,1,2,4,955,2261,254,53,91,Сергеевич,1
618,806,198,5,5,32,2,1,2,454,2371,332,42,90,Синильников,1
619,807,199,5,5,32,2,1,3,803,2372,265,53,89,Александр,1
620,808,200,5,5,32,2,1,4,1086,2372,233,42,89,Олегович,1
621,810,203,5,5,32,2,2,2,453,2483,199,40,92,Гогохия,1
622,811,204,5,5,32,2,2,3,670,2484,200,40,90,Вахтанг,1
623,812,205,5,5,32,2,2,4,886,2484,318,52,92,Мурманович,1
624,814,209,5,5,32,3,1,2,454,2593,272,41,91,Финогенов,1
625,815,210,5,5,32,3,1,3,744,2594,249,53,92,Владимир,1
626,816,211,5,5,32,3,1,4,1011,2595,376,45,91,Владиславович,1
627,817,213,5,5,32,3,2,1,315,2678,54,81,8,э,1
628,818,214,5,5,32,3,2,2,453,2703,180,52,92,Перцев,1
629,819,215,5,5,32,3,2,3,649,2704,266,52,92,Александр,1
630,820,216,5,5,32,3,2,4,932,2704,286,52,91,Валерьевич,1
631,822,220,5,5,32,4,1,2,453,2812,226,40,91,Беспалов,1
632,823,221,5,5,32,4,1,3,696,2812,171,53,91,Сергей,1
633,824,222,5,5,32,4,1,4,886,2813,231,52,89,Егорович,1
634,826,226,5,5,32,5,1,2,453,2922,205,52,81,Петухов,1
635,827,227,5,5,32,5,1,3,675,2923,204,40,90,Евгений,1
636,828,228,5,5,32,5,1,4,898,2923,295,53,91,Викторович,1
637,831,233,5,5,32,6,1,3,453,3031,277,41,92,Ахмаметов,1
638,832,234,5,5,32,6,1,4,747,3033,152,52,90,Артур,1
639,833,235,5,5,32,6,1,5,917,3033,274,40,90,Рашитович,1
640,836,240,5,5,32,7,1,3,453,3141,198,40,83,Богомаз,1
641,837,241,5,5,32,7,1,4,669,3141,171,52,90,Сергей,1
642,838,242,5,5,32,7,1,5,858,3142,297,51,91,Лукьянович,1
643,840,249,5,5,33,1,1,1,453,3249,267,52,92,Выскварка,0
644,841,250,5,5,33,1,1,2,737,3250,148,52,92,Игорь,1
645,842,251,5,5,33,1,1,3,903,3251,234,51,92,Игоревич,1
646,873,80,5,6,11,1,1,1,458,262,228,53,91,Гаврилов,1
647,874,81,5,6,11,1,1,2,704,263,197,41,91,Максим,1
648,875,82,5,6,11,1,1,3,919,264,381,54,92,Александрович,1
649,876,84,5,6,11,1,2,1,456,373,213,53,90,Комаров,1
650,877,85,5,6,11,1,2,2,685,374,216,41,91,Николай,1
651,878,86,5,6,11,1,2,3,919,375,297,41,92,Николаевич,1
652,879,88,5,6,11,1,3,1,457,484,212,53,91,Кудинов,1
653,880,89,5,6,11,1,3,2,686,485,149,53,92,Игорь,1
654,881,90,5,6,11,1,3,3,852,485,237,54,92,Игоревич,1
655,882,93,5,6,11,2,1,1,456,595,200,54,92,Лисагор,1
656,883,94,5,6,11,2,1,2,674,596,149,53,91,Игорь,1
657,884,95,5,6,11,2,1,3,840,597,265,53,92,Борисович,1
658,885,97,5,6,11,2,2,1,456,707,259,53,74,Пахарьков,1
659,886,98,5,6,11,2,2,2,733,708,222,53,92,Дмитрий,1
660,887,99,5,6,11,2,2,3,973,709,296,41,89,Николаевич,1
661,888,101,5,6,11,2,3,1,455,817,195,42,87,Шибаев,1
662,889,102,5,6,11,2,3,2,667,819,197,40,91,Максим,1
663,890,103,5,6,11,2,3,3,883,819,287,53,92,Валерьевич,1
664,891,105,5,6,11,2,4,1,455,928,280,54,91,Елистратов,1
665,892,106,5,6,11,2,4,2,753,929,119,41,91,Олег,1
666,893,107,5,6,11,2,4,3,888,930,238,53,91,Игоревич,1
667,894,109,5,6,11,2,5,1,454,1039,236,53,91,Бережков,1
668,895,110,5,6,11,2,5,2,707,1040,223,53,91,Дмитрий,1
669,896,111,5,6,11,2,5,3,948,1041,365,53,92,Владимирович,1
670,897,113,5,6,11,2,6,1,455,1150,88,41,92,Усс,1
671,898,114,5,6,11,2,6,2,560,1151,265,53,91,Александр,1
672,899,115,5,6,11,2,6,3,843,1151,256,54,91,Сергеевич,1
673,900,117,5,6,11,2,7,1,453,1261,222,54,91,Артюхов,1
674,901,118,5,6,11,2,7,2,692,1262,187,54,92,Андрей,1
675,902,119,5,6,11,2,7,3,898,1262,255,54,92,Сергеевич,1
676,903,123,5,6,12,1,1,1,454,1373,203,53,92,Корнеев,1
677,904,124,5,6,12,1,1,2,675,1374,185,53,92,Андрей,1
678,905,125,5,6,12,1,1,3,880,1374,295,53,90,Эдуардович,1
679,907,133,5,6,14,1,1,1,453,1483,201,53,92,Руденко,1
680,908,134,5,6,14,1,1,2,672,1484,185,53,92,Кирилл,1
681,909,135,5,6,14,1,1,3,875,1485,271,53,92,Артурович,1
682,910,139,5,6,15,1,1,1,453,1594,180,54,92,Скорик,1
683,911,140,5,6,15,1,1,2,651,1596,179,53,92,Виктор,0
684,912,141,5,6,15,1,1,3,849,1597,296,53,91,Викторович,1
685,913,145,5,6,16,1,1,1,453,1706,233,41,91,Шипилов,1
686,914,146,5,6,16,1,1,2,704,1706,171,54,92,Сергей,1
687,915,147,5,6,16,1,1,3,895,1708,364,53,92,Владимирович,1
688,916,151,5,6,17,1,1,1,452,1816,200,41,91,Ракитин,1
689,917,152,5,6,17,1,1,2,669,1817,224,53,89,Дмитрий,1
690,918,153,5,6,17,1,1,3,911,1817,236,42,91,Олегович,1
691,920,161,5,6,19,1,1,1,451,1926,311,53,91,Суковастова,1
692,921,162,5,6,19,1,1,2,778,1928,230,42,92,Светлана,1
693,922,163,5,6,19,1,1,3,1025,1930,293,41,91,Николаевна,1
694,923,165,5,6,19,1,2,1,451,2037,231,54,92,Столяров,1
695,924,166,5,6,19,1,2,2,700,2039,170,53,91,Руслан,1
696,925,167,5,6,19,1,2,3,888,2040,298,41,90,Николаевич,1
697,926,169,5,6,19,1,3,1,450,2149,234,52,91,Турцевич,1
698,927,170,5,6,19,1,3,2,703,2150,196,41,91,Михаил,1
699,928,171,5,6,19,1,3,3,917,2151,263,53,91,Борисович,1
700,929,175,5,6,20,1,1,1,451,2259,194,42,87,Епишов,1
701,930,176,5,6,20,1,1,2,663,2260,153,41,90,Роман,1
702,931,177,5,6,20,1,1,3,835,2261,283,42,90,Евгеньевич,1
703,932,181,5,6,21,1,1,1,449,2370,206,53,91,Лачугин,1
704,933,182,5,6,21,1,1,2,673,2372,187,53,92,Андрей,1
705,934,183,5,6,21,1,1,3,878,2373,366,54,92,Владимирович,1
706,935,185,5,6,21,1,2,1,449,2482,216,41,91,Пахомов,1
707,936,186,5,6,21,1,2,2,682,2483,223,54,92,Дмитрий,1
708,937,187,5,6,21,1,2,3,923,2485,297,53,91,Викторович,1
709,938,189,5,6,21,1,3,1,449,2592,180,53,90,Чирков,1
710,939,190,5,6,21,1,3,2,646,2594,250,53,90,Владимир,1
711,940,191,5,6,21,1,3,3,914,2595,365,54,90,Владимирович,1
712,941,193,5,6,21,1,4,1,449,2702,250,53,91,Щербаков,1
713,942,194,5,6,21,1,4,2,717,2705,261,44,91,Владислав,1
714,943,195,5,6,21,1,4,3,996,2705,254,53,92,Сергеевич,1
715,944,197,5,6,21,1,5,1,448,2811,242,53,91,Журавлев,1
716,945,198,5,6,21,1,5,2,708,2813,170,52,89,Руслан,1
717,946,199,5,6,21,1,5,3,897,2814,241,41,91,Павлович,1
718,947,202,5,6,21,2,1,1,447,2921,210,52,92,Алилуев,1
719,948,203,5,6,21,2,1,2,675,2922,215,41,92,Николай,1
720,949,204,5,6,21,2,1,3,908,2924,366,53,91,Владимирович,1
721,950,206,5,6,21,2,2,1,447,3029,281,52,91,Грушецкий,1
722,951,207,5,6,21,2,2,2,746,3031,266,53,91,Александр,1
723,952,208,5,6,21,2,2,3,1030,3033,365,53,91,Владимирович,1
724,953,210,5,6,21,2,3,1,447,3137,290,43,91,Степченков,1
725,954,211,5,6,21,2,3,2,754,3140,123,41,91,Иван,1
726,955,212,5,6,21,2,3,3,896,3141,264,52,90,Борисович,1
727,956,216,5,6,22,1,1,1,446,3247,199,42,89,Табаков,1
728,957,217,5,6,22,1,1,2,662,3248,172,54,89,Сергей,1
729,958,218,5,6,22,1,1,3,852,3250,290,42,90,Алексеевич,1
730,961,5,5,7,1,1,1,2,454,258,200,54,91,Ашарин,1
731,962,6,5,7,1,1,1,3,672,259,212,41,91,Виталий,1
732,963,7,5,7,1,1,1,4,901,259,255,54,91,Сергеевич,1
733,965,15,5,7,3,1,1,1,454,369,226,46,92,Богданов,1
734,966,16,5,7,3,1,1,2,697,369,150,54,92,Юрий,1
735,967,17,5,7,3,1,1,3,865,370,269,54,92,Андреевич,1
736,968,21,5,7,4,1,1,1,454,484,233,53,92,Гончуков,1
737,969,22,5,7,4,1,1,2,705,485,205,41,92,Евгений,1
738,970,23,5,7,4,1,1,3,927,486,239,41,92,Павлович,1
739,978,44,5,7,7,1,1,2,452,933,199,54,92,Назаров,1
740,979,45,5,7,7,1,1,3,669,934,261,46,91,Владислав,1
741,980,46,5,7,7,1,1,4,947,935,380,54,92,Александрович,1
742,982,51,5,7,8,1,1,2,452,1043,211,54,90,Сидоров,1
743,983,52,5,7,8,1,1,3,680,1045,148,41,91,Павел,0
744,984,53,5,7,8,1,1,4,846,1046,331,52,92,Арнольдович,1
745,988,61,5,7,9,1,1,3,451,1266,239,41,92,Кононова,1
746,989,62,5,7,9,1,1,4,708,1267,146,41,93,Елена,1
747,990,63,5,7,9,1,1,5,871,1264,375,64,92,Александровна,1
748,992,69,5,7,10,1,1,1,454,599,256,53,92,Карпушин,1
749,993,70,5,7,10,1,1,2,729,600,180,54,92,Виктор,0
750,994,71,5,7,10,1,1,3,926,601,255,53,89,Сергеевич,1
751,995,75,5,7,11,1,1,1,453,710,181,41,91,Контио,1
752,996,76,5,7,11,1,1,2,651,710,173,54,91,Сергей,1
753,997,77,5,7,11,1,1,3,842,712,367,53,91,Владимирович,1
754,998,81,5,7,12,1,1,1,452,822,263,53,92,Коротенко,1
755,999,82,5,7,12,1,1,2,733,823,152,50,92,Денис,1
756,1000,83,5,7,12,1,1,3,902,824,365,53,91,Владимирович,1
757,1001,87,5,7,13,1,1,1,452,1154,215,53,92,Сафонов,1
758,1002,88,5,7,13,1,1,2,684,1156,224,52,92,Дмитрий,1
759,1003,89,5,7,13,1,1,3,925,1156,255,53,91,Сергеевич,1
760,1004,93,5,7,14,1,1,1,450,1377,223,49,91,Денисюк,1
761,1005,94,5,7,14,1,1,2,690,1377,206,42,90,Алексей,1
762,1006,95,5,7,14,1,1,3,914,1379,278,52,90,Лукашевич,1
763,1007,99,5,7,15,1,1,1,450,1487,288,53,90,Крышкавец,1
764,1008,100,5,7,15,1,1,2,756,1489,197,41,91,Максим,1
765,1009,101,5,7,15,1,1,3,970,1490,379,53,91,Александрович,1
766,1010,103,5,7,15,1,2,1,450,1597,261,55,92,Столярчук,1
767,1011,104,5,7,15,1,2,2,729,1599,259,42,91,Станислав,1
768,1012,105,5,7,15,1,2,3,1006,1601,351,42,90,Валентинович,1
769,1014,108,5,7,15,1,3,2,449,1710,303,53,91,Бездуганова,1
770,1015,109,5,7,15,1,3,3,769,1711,213,41,92,Альбина,1
771,1016,110,5,7,15,1,3,4,999,1713,297,46,92,Леонидовна,1
772,1018,113,5,7,15,1,4,2,617,1802,263,50,89,Фамилия,1
773,1019,114,5,7,15,1,4,3,899,1815,116,37,91,имя,0
774,1020,115,5,7,15,1,4,4,1033,1816,226,29,92,отчество,0
775,1021,116,5,7,15,1,4,5,1277,1805,306,52,91,работников,1
776,1022,117,5,7,15,1,4,6,1602,1806,116,42,89,ГБУ,1
777,1023,118,5,7,15,1,4,7,1736,1806,298,51,85,МКМЦН,1
778,1026,124,5,7,16,1,1,3,449,1911,175,53,92,Петров,1
779,1027,125,5,7,16,1,1,4,641,1912,187,53,91,Андрей,1
780,1028,126,5,7,16,1,1,5,847,1913,296,41,91,Николаевич,1
781,1031,132,5,7,17,1,1,3,448,2022,233,53,90,Горлович,1
782,1032,133,5,7,17,1,1,4,700,2023,206,41,92,Алексей,1
783,1033,134,5,7,17,1,1,5,924,2024,288,41,91,Алексеевич,1
784,1036,140,5,7,18,1,1,3,448,2133,219,41,92,Василюк,1
785,1037,141,5,7,18,1,1,4,684,2134,121,53,91,Петр,1
786,1038,142,5,7,18,1,1,5,823,2135,381,53,91,Александрович,1
787,1041,148,5,7,19,1,1,3,446,2243,247,46,71,Авдюшин,1
788,1042,149,5,7,19,1,1,4,712,2244,293,42,90,Константин,1
789,1043,150,5,7,19,1,1,5,1024,2246,293,42,92,Николаевич,1
790,1046,156,5,7,20,1,1,3,447,2354,273,54,92,Багдасарян,1
791,1047,157,5,7,20,1,1,4,739,2356,157,53,91,Артем,1
792,1048,158,5,7,20,1,1,5,914,2357,241,41,90,Иванович,1
793,1051,162,5,7,20,1,2,3,447,2465,230,53,91,Баринова,1
794,1052,163,5,7,20,1,2,4,693,2466,160,53,91,Ирина,1
795,1053,164,5,7,20,1,2,5,870,2467,280,42,91,Евгеньевна,1
796,1056,168,5,7,20,1,3,3,446,2576,263,53,92,Браматкин,1
797,1057,169,5,7,20,1,3,4,726,2577,187,47,92,Леонид,1
798,1058,170,5,7,20,1,3,5,929,2578,237,54,91,Петрович,1
799,1061,174,5,7,20,1,4,3,445,2686,225,54,92,Губарева,1
800,1062,175,5,7,20,1,4,4,686,2689,195,52,92,Марина,1
801,1063,176,5,7,20,1,4,5,898,2690,279,42,90,Евгеньевна,1
802,1066,182,5,7,21,1,1,3,444,2796,194,53,91,Жирков,1
803,1067,183,5,7,21,1,1,4,656,2797,173,53,91,Сергей,1
804,1068,184,5,7,21,1,1,5,847,2799,381,53,92,Александрович,1
805,1071,190,5,7,22,1,1,3,444,2905,208,41,92,Клочков,1
806,1072,191,5,7,22,1,1,4,669,2907,267,53,92,Александр,1
807,1073,192,5,7,22,1,1,5,953,2908,287,41,92,Алексеевич,1
808,1077,202,5,7,24,1,1,3,444,3014,288,51,89,Пустовалов,1
809,1078,203,5,7,24,1,1,4,749,3016,266,53,92,Александр,1
810,1079,204,5,7,24,1,1,5,1032,3017,379,53,92,Александрович,1
811,1082,208,5,7,24,1,2,3,444,3122,199,42,91,Светлов,1
812,1083,209,5,7,24,1,2,4,660,3124,158,41,92,Антон,1
813,1084,210,5,7,24,1,2,5,835,3125,344,42,90,Вячеславович,1
814,1087,216,5,7,25,1,1,3,443,3232,343,53,92,Скоробогатов,1
815,1088,217,5,7,25,1,1,4,803,3235,206,41,92,Алексей,1
816,1089,218,5,7,25,1,1,5,1027,3237,379,53,90,Александрович,1
817,1094,10,5,8,2,1,1,1,459,231,207,43,92,Соколов,1
818,1095,11,5,8,2,1,1,2,683,234,152,50,92,Денис,1
819,1096,12,5,8,2,1,1,3,853,235,285,53,92,Валерьевич,1
820,1097,14,5,8,2,1,2,1,459,343,150,53,91,Сухов,1
821,1098,15,5,8,2,1,2,2,625,345,122,40,89,Илья,1
822,1099,16,5,8,2,1,2,3,764,345,270,50,89,Денисович,1
823,1100,20,5,8,3,1,1,1,457,454,275,54,91,Тимофеева,1
824,1101,21,5,8,3,1,1,2,747,456,197,42,92,Татьяна,1
825,1102,22,5,8,3,1,1,3,959,457,378,55,91,Александровна,1
826,1103,26,5,8,4,1,1,1,457,565,228,42,91,Чистяков,1
827,1104,27,5,8,4,1,1,2,702,567,188,53,92,Андрей,1
828,1105,28,5,8,4,1,1,3,908,568,296,42,90,Николаевич,1
829,1106,32,5,8,5,1,1,1,456,676,227,53,88,Шумская,1
830,1107,33,5,8,5,1,1,2,701,677,231,42,92,Светлана,1
831,1108,34,5,8,5,1,1,3,947,679,312,47,90,Геннадьевна,1
832,1109,36,5,8,5,1,2,1,456,786,258,43,91,Савеличев,1
833,1110,37,5,8,5,1,2,2,730,789,266,54,92,Александр,1
834,1111,38,5,8,5,1,2,3,1013,791,363,54,91,Владимирович,1
835,1112,40,5,8,5,1,3,1,455,898,205,43,89,Соболев,1
836,1113,41,5,8,5,1,3,2,678,899,149,54,92,Юрий,1
837,1114,42,5,8,5,1,3,3,844,901,343,42,92,Вячеславович,1
838,1125,65,5,8,8,1,1,2,1418,1212,150,42,65,УПраапвнИе,0
839,1126,66,5,8,8,1,1,3,1577,1215,30,44,43,Пс,0
840,1128,74,5,8,10,1,1,1,1427,1252,158,37,61,организдЦИи,0
841,1129,75,5,8,10,1,1,2,1622,1260,5,26,87,Н,0
842,1130,79,5,8,11,1,1,1,1444,1283,92,37,85,Работы,0
843,1131,80,5,8,11,1,1,2,1546,1303,13,17,82,с,0
